<?xml version="1.0" encoding="UTF-8"?>
<objects serializationModel="Studio.02.02.00">
	<object class="Workspace" id="{2152c0ce-b937-4736-9101-fc81ffa8c85a}">
		<relationship name="masterEventFolder">
			<destination>{73c05cc0-5a91-4179-9dc0-2559ce49a0b2}</destination>
		</relationship>
		<relationship name="masterTagFolder">
			<destination>{02003dc6-1732-4d89-be53-da9e0101ba01}</destination>
		</relationship>
		<relationship name="masterEffectPresetFolder">
			<destination>{bdeacb58-d758-4079-8325-f33faa8edc6e}</destination>
		</relationship>
		<relationship name="masterParameterPresetFolder">
			<destination>{deed8221-c8b0-448d-bbac-7c0c7c9e5dd4}</destination>
		</relationship>
		<relationship name="masterBankFolder">
			<destination>{054a6e53-df52-4cbf-a7f6-93810426b3c7}</destination>
		</relationship>
		<relationship name="masterSandboxFolder">
			<destination>{04efcf50-ee26-4df7-b547-8fccd54965cc}</destination>
		</relationship>
		<relationship name="masterAssetFolder">
			<destination>{68b87c8a-e8a0-404d-a851-cbaa22f8b82b}</destination>
		</relationship>
		<relationship name="mixer">
			<destination>{062b0bd7-bdbd-4ea6-8598-a30025bc63b5}</destination>
		</relationship>
		<relationship name="profilerSessionFolder">
			<destination>{8dec83f4-f2ae-423d-97d5-cc4e2162f6b6}</destination>
		</relationship>
		<relationship name="platforms">
			<destination>{e5161c1d-63f0-48fd-b087-7546026d6bf1}</destination>
		</relationship>
	</object>
</objects>
