<?xml version="1.0" encoding="UTF-8"?>
<objects serializationModel="Studio.02.02.00">
	<object class="Event" id="{0d691d92-3487-4556-9ccf-060c09379de8}">
		<property name="name">
			<value>SFX_tick</value>
		</property>
		<property name="outputFormat">
			<value>1</value>
		</property>
		<relationship name="folder">
			<destination>{73c05cc0-5a91-4179-9dc0-2559ce49a0b2}</destination>
		</relationship>
		<relationship name="mixer">
			<destination>{3426bfeb-83ee-4567-9802-b6abf5aabb16}</destination>
		</relationship>
		<relationship name="masterTrack">
			<destination>{e69519e3-1d7c-413c-8d89-6739c43a1e38}</destination>
		</relationship>
		<relationship name="mixerInput">
			<destination>{f69d07aa-72a8-44b2-8d2f-f0ed2492824e}</destination>
		</relationship>
		<relationship name="automatableProperties">
			<destination>{4937aedb-3405-4c32-a892-a6a01c18e192}</destination>
		</relationship>
		<relationship name="markerTracks">
			<destination>{6c887877-db4d-43fe-b658-0369cc723dd8}</destination>
		</relationship>
		<relationship name="groupTracks">
			<destination>{1ed3dc13-1e54-4683-b8d7-28a65bb97755}</destination>
		</relationship>
		<relationship name="timeline">
			<destination>{439aff55-11b4-44ce-a2ab-88c05d97b207}</destination>
		</relationship>
		<relationship name="banks">
			<destination>{d4d17705-be39-47c3-8295-a796b7c0423b}</destination>
		</relationship>
	</object>
	<object class="EventMixer" id="{3426bfeb-83ee-4567-9802-b6abf5aabb16}">
		<relationship name="masterBus">
			<destination>{8fac2ac7-ef18-4f75-9b10-f9af8e0f1945}</destination>
		</relationship>
	</object>
	<object class="MasterTrack" id="{e69519e3-1d7c-413c-8d89-6739c43a1e38}">
		<relationship name="mixerGroup">
			<destination>{8fac2ac7-ef18-4f75-9b10-f9af8e0f1945}</destination>
		</relationship>
	</object>
	<object class="MixerInput" id="{f69d07aa-72a8-44b2-8d2f-f0ed2492824e}">
		<relationship name="effectChain">
			<destination>{30405aa7-05f1-41bf-9ce6-01f5796f4f8f}</destination>
		</relationship>
		<relationship name="panner">
			<destination>{c7427e51-c5bb-4039-bbbf-be7d9b077248}</destination>
		</relationship>
		<relationship name="output">
			<destination>{fa66d92f-7a71-43a1-8e57-1ec6a053f1c3}</destination>
		</relationship>
	</object>
	<object class="EventAutomatableProperties" id="{4937aedb-3405-4c32-a892-a6a01c18e192}" />
	<object class="MarkerTrack" id="{6c887877-db4d-43fe-b658-0369cc723dd8}" />
	<object class="GroupTrack" id="{1ed3dc13-1e54-4683-b8d7-28a65bb97755}">
		<relationship name="modules">
			<destination>{c1b9a761-3c08-4f59-bead-b6c57e83cc9a}</destination>
		</relationship>
		<relationship name="mixerGroup">
			<destination>{c6c81ba5-792e-46b8-bd9e-0c9e94128e36}</destination>
		</relationship>
	</object>
	<object class="Timeline" id="{439aff55-11b4-44ce-a2ab-88c05d97b207}">
		<relationship name="modules">
			<destination>{c1b9a761-3c08-4f59-bead-b6c57e83cc9a}</destination>
		</relationship>
	</object>
	<object class="EventMixerMaster" id="{8fac2ac7-ef18-4f75-9b10-f9af8e0f1945}">
		<relationship name="effectChain">
			<destination>{b06e5125-b168-4bb4-b197-0d9cea8f8e29}</destination>
		</relationship>
		<relationship name="panner">
			<destination>{f352dc09-8a98-44f8-b100-7015176afea0}</destination>
		</relationship>
		<relationship name="mixer">
			<destination>{3426bfeb-83ee-4567-9802-b6abf5aabb16}</destination>
		</relationship>
	</object>
	<object class="MixerBusEffectChain" id="{30405aa7-05f1-41bf-9ce6-01f5796f4f8f}">
		<relationship name="effects">
			<destination>{52c0f088-b6d3-4329-bcfa-15e977046c5b}</destination>
		</relationship>
	</object>
	<object class="MixerBusPanner" id="{c7427e51-c5bb-4039-bbbf-be7d9b077248}" />
	<object class="SingleSound" id="{c1b9a761-3c08-4f59-bead-b6c57e83cc9a}">
		<relationship name="audioFile">
			<destination>{c786ff02-edb2-42ee-a397-2c5e8e2b6ff7}</destination>
		</relationship>
	</object>
	<object class="EventMixerGroup" id="{c6c81ba5-792e-46b8-bd9e-0c9e94128e36}">
		<property name="name">
			<value>Audio 1</value>
		</property>
		<relationship name="effectChain">
			<destination>{fa22fccf-964c-4ec7-87cc-edeb00440178}</destination>
		</relationship>
		<relationship name="panner">
			<destination>{d61c24e5-51e9-491c-8b38-fcdd019aa2fb}</destination>
		</relationship>
		<relationship name="output">
			<destination>{8fac2ac7-ef18-4f75-9b10-f9af8e0f1945}</destination>
		</relationship>
	</object>
	<object class="MixerBusEffectChain" id="{b06e5125-b168-4bb4-b197-0d9cea8f8e29}">
		<relationship name="effects">
			<destination>{1261ef03-394c-449d-8fc4-a41e71ce61d9}</destination>
		</relationship>
	</object>
	<object class="MixerBusPanner" id="{f352dc09-8a98-44f8-b100-7015176afea0}" />
	<object class="MixerBusFader" id="{52c0f088-b6d3-4329-bcfa-15e977046c5b}" />
	<object class="MixerBusEffectChain" id="{fa22fccf-964c-4ec7-87cc-edeb00440178}">
		<relationship name="effects">
			<destination>{4b963126-9b9e-48f6-8fe9-8dc9a05fd5ec}</destination>
		</relationship>
	</object>
	<object class="MixerBusPanner" id="{d61c24e5-51e9-491c-8b38-fcdd019aa2fb}" />
	<object class="MixerBusFader" id="{1261ef03-394c-449d-8fc4-a41e71ce61d9}" />
	<object class="MixerBusFader" id="{4b963126-9b9e-48f6-8fe9-8dc9a05fd5ec}" />
</objects>
