<?xml version="1.0" encoding="UTF-8"?>
<objects serializationModel="Studio.02.02.00">
	<object class="Event" id="{0ed7cb92-3238-4dd6-a539-3778b3fb05c3}">
		<property name="name">
			<value>SFX_playerDeath</value>
		</property>
		<property name="outputFormat">
			<value>1</value>
		</property>
		<relationship name="folder">
			<destination>{73c05cc0-5a91-4179-9dc0-2559ce49a0b2}</destination>
		</relationship>
		<relationship name="mixer">
			<destination>{dcd2f821-6401-49e9-979e-fc95cdb052a9}</destination>
		</relationship>
		<relationship name="masterTrack">
			<destination>{659a2cc4-f9da-44da-a2c7-42f2babae2a8}</destination>
		</relationship>
		<relationship name="mixerInput">
			<destination>{04bdb04d-7670-406f-b63d-b9e55c2ff813}</destination>
		</relationship>
		<relationship name="automatableProperties">
			<destination>{250a0dee-8b3c-4ba5-b34b-86efd69bc48e}</destination>
		</relationship>
		<relationship name="markerTracks">
			<destination>{7a0fb6c0-e8a4-42ec-8fe2-2d5b907d6cea}</destination>
		</relationship>
		<relationship name="groupTracks">
			<destination>{33878d04-052d-4ee2-9b45-2f9c8e508db6}</destination>
		</relationship>
		<relationship name="timeline">
			<destination>{57e18f14-316a-499a-9072-ecf57cdf0146}</destination>
		</relationship>
		<relationship name="banks">
			<destination>{d4d17705-be39-47c3-8295-a796b7c0423b}</destination>
		</relationship>
	</object>
	<object class="EventMixer" id="{dcd2f821-6401-49e9-979e-fc95cdb052a9}">
		<relationship name="masterBus">
			<destination>{a6c730a5-eab5-4e51-95a3-eff1a16696b2}</destination>
		</relationship>
	</object>
	<object class="MasterTrack" id="{659a2cc4-f9da-44da-a2c7-42f2babae2a8}">
		<relationship name="mixerGroup">
			<destination>{a6c730a5-eab5-4e51-95a3-eff1a16696b2}</destination>
		</relationship>
	</object>
	<object class="MixerInput" id="{04bdb04d-7670-406f-b63d-b9e55c2ff813}">
		<relationship name="masters">
			<destination>{03750709-4952-40d2-8d26-c09256307f62}</destination>
		</relationship>
		<relationship name="effectChain">
			<destination>{d14c13d3-1d56-4c26-9d90-22081e06b9f2}</destination>
		</relationship>
		<relationship name="panner">
			<destination>{bf0413a5-df87-40ec-bd56-5f425bfa5b31}</destination>
		</relationship>
		<relationship name="output">
			<destination>{fa66d92f-7a71-43a1-8e57-1ec6a053f1c3}</destination>
		</relationship>
	</object>
	<object class="EventAutomatableProperties" id="{250a0dee-8b3c-4ba5-b34b-86efd69bc48e}" />
	<object class="MarkerTrack" id="{7a0fb6c0-e8a4-42ec-8fe2-2d5b907d6cea}" />
	<object class="GroupTrack" id="{33878d04-052d-4ee2-9b45-2f9c8e508db6}">
		<relationship name="automationTracks">
			<destination>{261c49b5-1d49-4ce7-b5ad-d1fa88595ca8}</destination>
		</relationship>
		<relationship name="modules">
			<destination>{0d79bf0d-d121-4df9-a703-8a660c4888b8}</destination>
		</relationship>
		<relationship name="mixerGroup">
			<destination>{45bedb3d-b5da-409b-be92-438f122d6dd2}</destination>
		</relationship>
	</object>
	<object class="Timeline" id="{57e18f14-316a-499a-9072-ecf57cdf0146}">
		<relationship name="modules">
			<destination>{0d79bf0d-d121-4df9-a703-8a660c4888b8}</destination>
		</relationship>
	</object>
	<object class="EventMixerMaster" id="{a6c730a5-eab5-4e51-95a3-eff1a16696b2}">
		<relationship name="effectChain">
			<destination>{ccc41133-fc2c-4fa8-9b42-66acd62d954d}</destination>
		</relationship>
		<relationship name="panner">
			<destination>{02c605d8-7d5e-4230-90cf-db6560b11ca4}</destination>
		</relationship>
		<relationship name="mixer">
			<destination>{dcd2f821-6401-49e9-979e-fc95cdb052a9}</destination>
		</relationship>
	</object>
	<object class="MixerBusEffectChain" id="{d14c13d3-1d56-4c26-9d90-22081e06b9f2}">
		<relationship name="effects">
			<destination>{71fae7d1-4aac-45c2-bef5-ef40bb4a5597}</destination>
		</relationship>
	</object>
	<object class="MixerBusPanner" id="{bf0413a5-df87-40ec-bd56-5f425bfa5b31}" />
	<object class="AutomationTrack" id="{261c49b5-1d49-4ce7-b5ad-d1fa88595ca8}">
		<relationship name="automator">
			<destination>{e4b5b942-55cf-4741-be77-22fa1c9ad0fc}</destination>
		</relationship>
	</object>
	<object class="SingleSound" id="{0d79bf0d-d121-4df9-a703-8a660c4888b8}">
		<property name="length">
			<value>10</value>
		</property>
		<relationship name="audioFile">
			<destination>{179b21aa-e6b2-433c-8745-194246e3bb88}</destination>
		</relationship>
	</object>
	<object class="EventMixerGroup" id="{45bedb3d-b5da-409b-be92-438f122d6dd2}">
		<property name="name">
			<value>Audio 1</value>
		</property>
		<relationship name="automators">
			<destination>{e4b5b942-55cf-4741-be77-22fa1c9ad0fc}</destination>
		</relationship>
		<relationship name="effectChain">
			<destination>{0c53ea94-86ea-41f8-9106-d078a11799bb}</destination>
		</relationship>
		<relationship name="panner">
			<destination>{7940e2b1-4126-44d4-8acf-b417477a7b55}</destination>
		</relationship>
		<relationship name="output">
			<destination>{a6c730a5-eab5-4e51-95a3-eff1a16696b2}</destination>
		</relationship>
	</object>
	<object class="MixerBusEffectChain" id="{ccc41133-fc2c-4fa8-9b42-66acd62d954d}">
		<relationship name="effects">
			<destination>{c7f12083-4b97-4d2d-ab5e-942659419159}</destination>
		</relationship>
	</object>
	<object class="MixerBusPanner" id="{02c605d8-7d5e-4230-90cf-db6560b11ca4}" />
	<object class="MixerBusFader" id="{71fae7d1-4aac-45c2-bef5-ef40bb4a5597}" />
	<object class="Automator" id="{e4b5b942-55cf-4741-be77-22fa1c9ad0fc}">
		<property name="nameOfPropertyBeingAutomated">
			<value>volume</value>
		</property>
		<relationship name="automationCurves">
			<destination>{31eadb83-e093-42f4-8a61-7c98c9116848}</destination>
		</relationship>
	</object>
	<object class="MixerBusEffectChain" id="{0c53ea94-86ea-41f8-9106-d078a11799bb}">
		<relationship name="effects">
			<destination>{89aad660-4fc4-4185-a733-7c68c183b30e}</destination>
		</relationship>
	</object>
	<object class="MixerBusPanner" id="{7940e2b1-4126-44d4-8acf-b417477a7b55}" />
	<object class="MixerBusFader" id="{c7f12083-4b97-4d2d-ab5e-942659419159}" />
	<object class="AutomationCurve" id="{31eadb83-e093-42f4-8a61-7c98c9116848}">
		<relationship name="parameter">
			<destination>{57e18f14-316a-499a-9072-ecf57cdf0146}</destination>
		</relationship>
		<relationship name="automationPoints">
			<destination>{f4d3314e-ef7a-4ff9-9448-e84c5cc8e185}</destination>
			<destination>{af91dd03-1883-4cdd-979c-c405a6b0c264}</destination>
		</relationship>
	</object>
	<object class="MixerBusFader" id="{89aad660-4fc4-4185-a733-7c68c183b30e}" />
	<object class="AutomationPoint" id="{f4d3314e-ef7a-4ff9-9448-e84c5cc8e185}">
		<property name="position">
			<value>5.3703703703703702</value>
		</property>
		<property name="value">
			<value>0</value>
		</property>
		<property name="curveShape">
			<value>0.523194611</value>
		</property>
	</object>
	<object class="AutomationPoint" id="{af91dd03-1883-4cdd-979c-c405a6b0c264}">
		<property name="position">
			<value>10</value>
		</property>
		<property name="value">
			<value>-70</value>
		</property>
	</object>
</objects>
