<?xml version="1.0" encoding="UTF-8"?>
<objects serializationModel="Studio.02.02.00">
	<object class="Event" id="{337abffa-fabc-46bf-bd49-fe5a8eec4c25}">
		<property name="name">
			<value>stageModeTheme</value>
		</property>
		<property name="outputFormat">
			<value>1</value>
		</property>
		<relationship name="folder">
			<destination>{73c05cc0-5a91-4179-9dc0-2559ce49a0b2}</destination>
		</relationship>
		<relationship name="mixer">
			<destination>{7f2d136d-2752-45aa-8cea-b442d48bcb1b}</destination>
		</relationship>
		<relationship name="masterTrack">
			<destination>{077ece5b-271b-4d43-b7d1-1f8278b3b88b}</destination>
		</relationship>
		<relationship name="mixerInput">
			<destination>{8b56b812-a32f-48ad-9c7a-207a8c66f53d}</destination>
		</relationship>
		<relationship name="automatableProperties">
			<destination>{568e3175-4736-472c-8d24-13387ca6d221}</destination>
		</relationship>
		<relationship name="markerTracks">
			<destination>{c365d6bb-1b8f-4e13-95d3-52f411b5c8d0}</destination>
			<destination>{77a16944-4a5c-4d21-ba1f-9cd9aafb76a0}</destination>
		</relationship>
		<relationship name="groupTracks">
			<destination>{8734e9ad-cdaf-47ad-ae08-a6e3788b5f50}</destination>
			<destination>{239f84b0-a62b-463b-91ab-cbe7480db439}</destination>
		</relationship>
		<relationship name="timeline">
			<destination>{3b49c983-850e-46db-b7d2-bcaf51356192}</destination>
		</relationship>
		<relationship name="banks">
			<destination>{d4d17705-be39-47c3-8295-a796b7c0423b}</destination>
		</relationship>
	</object>
	<object class="EventMixer" id="{7f2d136d-2752-45aa-8cea-b442d48bcb1b}">
		<relationship name="masterBus">
			<destination>{34ab2a83-36ea-4089-9788-29262212a671}</destination>
		</relationship>
	</object>
	<object class="MasterTrack" id="{077ece5b-271b-4d43-b7d1-1f8278b3b88b}">
		<relationship name="mixerGroup">
			<destination>{34ab2a83-36ea-4089-9788-29262212a671}</destination>
		</relationship>
	</object>
	<object class="MixerInput" id="{8b56b812-a32f-48ad-9c7a-207a8c66f53d}">
		<relationship name="effectChain">
			<destination>{c256533a-6fb7-418f-9efb-15c022917b57}</destination>
		</relationship>
		<relationship name="panner">
			<destination>{afb348a8-bab2-4438-97f5-5ead3f87f573}</destination>
		</relationship>
		<relationship name="output">
			<destination>{fa66d92f-7a71-43a1-8e57-1ec6a053f1c3}</destination>
		</relationship>
	</object>
	<object class="EventAutomatableProperties" id="{568e3175-4736-472c-8d24-13387ca6d221}" />
	<object class="MarkerTrack" id="{c365d6bb-1b8f-4e13-95d3-52f411b5c8d0}" />
	<object class="MarkerTrack" id="{77a16944-4a5c-4d21-ba1f-9cd9aafb76a0}" />
	<object class="GroupTrack" id="{8734e9ad-cdaf-47ad-ae08-a6e3788b5f50}">
		<relationship name="modules">
			<destination>{cc8b01eb-2a2c-4ac8-bf54-8eb2ac653d60}</destination>
		</relationship>
		<relationship name="mixerGroup">
			<destination>{40e57836-4c6a-4bee-ab7c-4621afc791fb}</destination>
		</relationship>
	</object>
	<object class="GroupTrack" id="{239f84b0-a62b-463b-91ab-cbe7480db439}">
		<relationship name="modules">
			<destination>{1e0e7faa-8602-4bc0-adbd-520f6c03ea12}</destination>
		</relationship>
		<relationship name="mixerGroup">
			<destination>{56373948-c96a-431c-bb1e-6d487389a632}</destination>
		</relationship>
	</object>
	<object class="Timeline" id="{3b49c983-850e-46db-b7d2-bcaf51356192}">
		<relationship name="modules">
			<destination>{cc8b01eb-2a2c-4ac8-bf54-8eb2ac653d60}</destination>
			<destination>{1e0e7faa-8602-4bc0-adbd-520f6c03ea12}</destination>
		</relationship>
		<relationship name="markers">
			<destination>{7bf23a3d-b63d-41e1-9875-1b43e7e70e20}</destination>
			<destination>{d93571fd-7bc0-4033-94fa-5ab8f5c9959c}</destination>
		</relationship>
	</object>
	<object class="EventMixerMaster" id="{34ab2a83-36ea-4089-9788-29262212a671}">
		<relationship name="modulators">
			<destination>{36b5acd5-96df-43d0-8937-de43b7c5aba0}</destination>
			<destination>{9e059f75-e0c7-43ff-ba36-4eb3c201221e}</destination>
		</relationship>
		<relationship name="effectChain">
			<destination>{28fe51cb-dfca-49d9-9668-2ff8ae20c51a}</destination>
		</relationship>
		<relationship name="panner">
			<destination>{3c709938-0efa-47d8-a9ee-082544f1a5e3}</destination>
		</relationship>
		<relationship name="mixer">
			<destination>{7f2d136d-2752-45aa-8cea-b442d48bcb1b}</destination>
		</relationship>
	</object>
	<object class="MixerBusEffectChain" id="{c256533a-6fb7-418f-9efb-15c022917b57}">
		<relationship name="effects">
			<destination>{3554d2ea-7df9-4bb7-8d2d-17de90a4339e}</destination>
		</relationship>
	</object>
	<object class="MixerBusPanner" id="{afb348a8-bab2-4438-97f5-5ead3f87f573}" />
	<object class="SingleSound" id="{cc8b01eb-2a2c-4ac8-bf54-8eb2ac653d60}">
		<property name="length">
			<value>42.311999999999998</value>
		</property>
		<relationship name="audioFile">
			<destination>{9224e4f4-474b-4ec0-a6d9-d6388e91a734}</destination>
		</relationship>
	</object>
	<object class="EventMixerGroup" id="{40e57836-4c6a-4bee-ab7c-4621afc791fb}">
		<property name="name">
			<value>Audio 1</value>
		</property>
		<relationship name="effectChain">
			<destination>{9d7bd3ab-676d-4c41-abf5-215501522331}</destination>
		</relationship>
		<relationship name="panner">
			<destination>{a2e0361b-eb79-43cb-917f-b5592d2a44df}</destination>
		</relationship>
		<relationship name="output">
			<destination>{34ab2a83-36ea-4089-9788-29262212a671}</destination>
		</relationship>
	</object>
	<object class="SingleSound" id="{1e0e7faa-8602-4bc0-adbd-520f6c03ea12}">
		<property name="start">
			<value>34.909090909090907</value>
		</property>
		<property name="length">
			<value>42.311999999999998</value>
		</property>
		<relationship name="audioFile">
			<destination>{9224e4f4-474b-4ec0-a6d9-d6388e91a734}</destination>
		</relationship>
	</object>
	<object class="EventMixerGroup" id="{56373948-c96a-431c-bb1e-6d487389a632}">
		<property name="name">
			<value>Audio 2</value>
		</property>
		<relationship name="effectChain">
			<destination>{d72a4813-86f9-4011-979e-d0e01ab25c83}</destination>
		</relationship>
		<relationship name="panner">
			<destination>{de9ef45c-26cd-4dce-937d-f0a47267aec1}</destination>
		</relationship>
		<relationship name="output">
			<destination>{34ab2a83-36ea-4089-9788-29262212a671}</destination>
		</relationship>
	</object>
	<object class="TempoMarker" id="{7bf23a3d-b63d-41e1-9875-1b43e7e70e20}">
		<property name="position">
			<value>0</value>
		</property>
		<property name="tempo">
			<value>110</value>
		</property>
		<relationship name="timeline">
			<destination>{3b49c983-850e-46db-b7d2-bcaf51356192}</destination>
		</relationship>
		<relationship name="markerTrack">
			<destination>{c365d6bb-1b8f-4e13-95d3-52f411b5c8d0}</destination>
		</relationship>
	</object>
	<object class="LoopRegion" id="{d93571fd-7bc0-4033-94fa-5ab8f5c9959c}">
		<property name="position">
			<value>34.909090909090907</value>
		</property>
		<property name="length">
			<value>34.909090909090907</value>
		</property>
		<relationship name="timeline">
			<destination>{3b49c983-850e-46db-b7d2-bcaf51356192}</destination>
		</relationship>
		<relationship name="markerTrack">
			<destination>{77a16944-4a5c-4d21-ba1f-9cd9aafb76a0}</destination>
		</relationship>
	</object>
	<object class="ADSRModulator" id="{36b5acd5-96df-43d0-8937-de43b7c5aba0}">
		<property name="nameOfPropertyBeingModulated">
			<value>pitch</value>
		</property>
		<property name="releaseTime">
			<value>500</value>
		</property>
		<property name="releaseShape">
			<value>0.567173958</value>
		</property>
		<property name="finalValue">
			<value>-100</value>
		</property>
	</object>
	<object class="ADSRModulator" id="{9e059f75-e0c7-43ff-ba36-4eb3c201221e}">
		<property name="nameOfPropertyBeingModulated">
			<value>volume</value>
		</property>
		<property name="initialValue">
			<value>-80</value>
		</property>
		<property name="attackTime">
			<value>0</value>
		</property>
		<property name="releaseTime">
			<value>500</value>
		</property>
		<property name="releaseShape">
			<value>0.587577224</value>
		</property>
		<property name="finalValue">
			<value>-80</value>
		</property>
	</object>
	<object class="MixerBusEffectChain" id="{28fe51cb-dfca-49d9-9668-2ff8ae20c51a}">
		<relationship name="effects">
			<destination>{08c48ec1-255d-42fb-a087-f450d60747a8}</destination>
		</relationship>
	</object>
	<object class="MixerBusPanner" id="{3c709938-0efa-47d8-a9ee-082544f1a5e3}" />
	<object class="MixerBusFader" id="{3554d2ea-7df9-4bb7-8d2d-17de90a4339e}" />
	<object class="MixerBusEffectChain" id="{9d7bd3ab-676d-4c41-abf5-215501522331}">
		<relationship name="effects">
			<destination>{fbbb4b73-ed34-4068-a473-2923bc838cd4}</destination>
		</relationship>
	</object>
	<object class="MixerBusPanner" id="{a2e0361b-eb79-43cb-917f-b5592d2a44df}" />
	<object class="MixerBusEffectChain" id="{d72a4813-86f9-4011-979e-d0e01ab25c83}">
		<relationship name="effects">
			<destination>{99b5ea18-098d-433d-b16e-a3bda5552790}</destination>
		</relationship>
	</object>
	<object class="MixerBusPanner" id="{de9ef45c-26cd-4dce-937d-f0a47267aec1}" />
	<object class="MixerBusFader" id="{08c48ec1-255d-42fb-a087-f450d60747a8}" />
	<object class="MixerBusFader" id="{fbbb4b73-ed34-4068-a473-2923bc838cd4}" />
	<object class="MixerBusFader" id="{99b5ea18-098d-433d-b16e-a3bda5552790}" />
</objects>
