<?xml version="1.0" encoding="UTF-8"?>
<objects serializationModel="Studio.02.02.00">
	<object class="Event" id="{38953d88-2641-4f90-8560-59e723bcb662}">
		<property name="name">
			<value>SFX_laserDefault</value>
		</property>
		<property name="outputFormat">
			<value>1</value>
		</property>
		<relationship name="folder">
			<destination>{73c05cc0-5a91-4179-9dc0-2559ce49a0b2}</destination>
		</relationship>
		<relationship name="mixer">
			<destination>{c6588498-efdf-4fbe-84a8-4f18d4690af7}</destination>
		</relationship>
		<relationship name="masterTrack">
			<destination>{4d98f2ec-8d9a-47e5-9a99-f4bbcb14a169}</destination>
		</relationship>
		<relationship name="mixerInput">
			<destination>{1af2b21b-b250-4e70-a703-f477dbdb8e48}</destination>
		</relationship>
		<relationship name="automatableProperties">
			<destination>{e3ba7b9a-280a-4a1f-81b8-cbb0d56b6e59}</destination>
		</relationship>
		<relationship name="markerTracks">
			<destination>{5256f4f4-949e-45d1-ab9e-18fea52abb3a}</destination>
		</relationship>
		<relationship name="groupTracks">
			<destination>{696589cf-f2db-4d49-81df-9b3852ad7c60}</destination>
		</relationship>
		<relationship name="timeline">
			<destination>{76f39e5c-aaa6-4b37-b0da-320e51bdd86e}</destination>
		</relationship>
		<relationship name="banks">
			<destination>{d4d17705-be39-47c3-8295-a796b7c0423b}</destination>
		</relationship>
	</object>
	<object class="EventMixer" id="{c6588498-efdf-4fbe-84a8-4f18d4690af7}">
		<relationship name="masterBus">
			<destination>{c8adc4e6-3577-426b-b7f6-6ce6f9bd7a51}</destination>
		</relationship>
	</object>
	<object class="MasterTrack" id="{4d98f2ec-8d9a-47e5-9a99-f4bbcb14a169}">
		<relationship name="mixerGroup">
			<destination>{c8adc4e6-3577-426b-b7f6-6ce6f9bd7a51}</destination>
		</relationship>
	</object>
	<object class="MixerInput" id="{1af2b21b-b250-4e70-a703-f477dbdb8e48}">
		<relationship name="effectChain">
			<destination>{51babdd9-7a50-4d7d-a8cb-dde0abd21d59}</destination>
		</relationship>
		<relationship name="panner">
			<destination>{1a64f463-4bf6-4766-9ab6-a8552d4ad9a8}</destination>
		</relationship>
		<relationship name="output">
			<destination>{fa66d92f-7a71-43a1-8e57-1ec6a053f1c3}</destination>
		</relationship>
	</object>
	<object class="EventAutomatableProperties" id="{e3ba7b9a-280a-4a1f-81b8-cbb0d56b6e59}" />
	<object class="MarkerTrack" id="{5256f4f4-949e-45d1-ab9e-18fea52abb3a}" />
	<object class="GroupTrack" id="{696589cf-f2db-4d49-81df-9b3852ad7c60}">
		<relationship name="modules">
			<destination>{057335e8-ff0a-401c-9d22-a531c1b008ba}</destination>
		</relationship>
		<relationship name="mixerGroup">
			<destination>{13d12e9c-b998-4dc3-9dea-a96cec7b564a}</destination>
		</relationship>
	</object>
	<object class="Timeline" id="{76f39e5c-aaa6-4b37-b0da-320e51bdd86e}">
		<relationship name="modules">
			<destination>{057335e8-ff0a-401c-9d22-a531c1b008ba}</destination>
		</relationship>
	</object>
	<object class="EventMixerMaster" id="{c8adc4e6-3577-426b-b7f6-6ce6f9bd7a51}">
		<relationship name="effectChain">
			<destination>{03d9bcb9-d984-4a8b-a4a4-02b08a8f3bd9}</destination>
		</relationship>
		<relationship name="panner">
			<destination>{12cc7c8f-9dbc-41f1-a229-94046fdda0d5}</destination>
		</relationship>
		<relationship name="mixer">
			<destination>{c6588498-efdf-4fbe-84a8-4f18d4690af7}</destination>
		</relationship>
	</object>
	<object class="MixerBusEffectChain" id="{51babdd9-7a50-4d7d-a8cb-dde0abd21d59}">
		<relationship name="effects">
			<destination>{ab465224-c58e-4729-8544-a1878bb8666a}</destination>
		</relationship>
	</object>
	<object class="MixerBusPanner" id="{1a64f463-4bf6-4766-9ab6-a8552d4ad9a8}" />
	<object class="SingleSound" id="{057335e8-ff0a-401c-9d22-a531c1b008ba}">
		<property name="length">
			<value>2.7599999999999998</value>
		</property>
		<relationship name="audioFile">
			<destination>{f0571b7a-b533-4c7f-992b-88041f72499e}</destination>
		</relationship>
	</object>
	<object class="EventMixerGroup" id="{13d12e9c-b998-4dc3-9dea-a96cec7b564a}">
		<property name="name">
			<value>Audio 1</value>
		</property>
		<relationship name="effectChain">
			<destination>{e39364bb-eaa6-43be-b700-5adc7a78936e}</destination>
		</relationship>
		<relationship name="panner">
			<destination>{834942a4-6659-492f-b746-ef52ec253d38}</destination>
		</relationship>
		<relationship name="output">
			<destination>{c8adc4e6-3577-426b-b7f6-6ce6f9bd7a51}</destination>
		</relationship>
	</object>
	<object class="MixerBusEffectChain" id="{03d9bcb9-d984-4a8b-a4a4-02b08a8f3bd9}">
		<relationship name="effects">
			<destination>{23ff1d2c-db45-4f75-877d-b19d7c95aa5c}</destination>
		</relationship>
	</object>
	<object class="MixerBusPanner" id="{12cc7c8f-9dbc-41f1-a229-94046fdda0d5}" />
	<object class="MixerBusFader" id="{ab465224-c58e-4729-8544-a1878bb8666a}" />
	<object class="MixerBusEffectChain" id="{e39364bb-eaa6-43be-b700-5adc7a78936e}">
		<relationship name="effects">
			<destination>{79686376-df27-4be2-b39c-07e89d627907}</destination>
		</relationship>
	</object>
	<object class="MixerBusPanner" id="{834942a4-6659-492f-b746-ef52ec253d38}" />
	<object class="MixerBusFader" id="{23ff1d2c-db45-4f75-877d-b19d7c95aa5c}" />
	<object class="MixerBusFader" id="{79686376-df27-4be2-b39c-07e89d627907}" />
</objects>
