<?xml version="1.0" encoding="UTF-8"?>
<objects serializationModel="Studio.02.02.00">
	<object class="Event" id="{44083152-50bf-416e-b3c6-06d352936f5b}">
		<property name="name">
			<value>SFX_hitByWall</value>
		</property>
		<property name="outputFormat">
			<value>1</value>
		</property>
		<relationship name="folder">
			<destination>{73c05cc0-5a91-4179-9dc0-2559ce49a0b2}</destination>
		</relationship>
		<relationship name="mixer">
			<destination>{12354b35-a586-44c1-a482-e32f94d82351}</destination>
		</relationship>
		<relationship name="masterTrack">
			<destination>{24958dff-1a14-4145-9c41-24ceada99612}</destination>
		</relationship>
		<relationship name="mixerInput">
			<destination>{77032453-13ab-4258-9a25-e4220629a30e}</destination>
		</relationship>
		<relationship name="automatableProperties">
			<destination>{944d955e-9306-4cea-ad20-a3ea32e883cc}</destination>
		</relationship>
		<relationship name="markerTracks">
			<destination>{e3f8871e-d4a4-42a8-82bd-cdd1ab3c4ad6}</destination>
		</relationship>
		<relationship name="groupTracks">
			<destination>{904efb4b-0ca0-4e93-8a85-d11e7009d319}</destination>
		</relationship>
		<relationship name="timeline">
			<destination>{6f4f33ee-cce7-49b1-86cd-fa9f6209cec6}</destination>
		</relationship>
		<relationship name="banks">
			<destination>{d4d17705-be39-47c3-8295-a796b7c0423b}</destination>
		</relationship>
	</object>
	<object class="EventMixer" id="{12354b35-a586-44c1-a482-e32f94d82351}">
		<relationship name="masterBus">
			<destination>{2b86f247-f63e-4f62-9cea-879e71a2a75c}</destination>
		</relationship>
	</object>
	<object class="MasterTrack" id="{24958dff-1a14-4145-9c41-24ceada99612}">
		<relationship name="mixerGroup">
			<destination>{2b86f247-f63e-4f62-9cea-879e71a2a75c}</destination>
		</relationship>
	</object>
	<object class="MixerInput" id="{77032453-13ab-4258-9a25-e4220629a30e}">
		<relationship name="masters">
			<destination>{03750709-4952-40d2-8d26-c09256307f62}</destination>
		</relationship>
		<relationship name="effectChain">
			<destination>{746f514c-eba3-4656-93af-424f93e5b70b}</destination>
		</relationship>
		<relationship name="panner">
			<destination>{c3f028f1-c5b5-4ffd-8bbd-6eadbbe82896}</destination>
		</relationship>
		<relationship name="output">
			<destination>{fa66d92f-7a71-43a1-8e57-1ec6a053f1c3}</destination>
		</relationship>
	</object>
	<object class="EventAutomatableProperties" id="{944d955e-9306-4cea-ad20-a3ea32e883cc}" />
	<object class="MarkerTrack" id="{e3f8871e-d4a4-42a8-82bd-cdd1ab3c4ad6}" />
	<object class="GroupTrack" id="{904efb4b-0ca0-4e93-8a85-d11e7009d319}">
		<relationship name="modules">
			<destination>{d5172991-f250-4198-8b63-c7c442c6beb2}</destination>
		</relationship>
		<relationship name="mixerGroup">
			<destination>{c04dfaf0-fc2c-48da-8871-e660ac36f868}</destination>
		</relationship>
	</object>
	<object class="Timeline" id="{6f4f33ee-cce7-49b1-86cd-fa9f6209cec6}">
		<relationship name="modules">
			<destination>{d5172991-f250-4198-8b63-c7c442c6beb2}</destination>
		</relationship>
	</object>
	<object class="EventMixerMaster" id="{2b86f247-f63e-4f62-9cea-879e71a2a75c}">
		<relationship name="effectChain">
			<destination>{a34c748a-6b94-460c-a4fa-484c5e38eed6}</destination>
		</relationship>
		<relationship name="panner">
			<destination>{abe6d68c-5ac4-466e-b3d7-ba87dd38b18c}</destination>
		</relationship>
		<relationship name="mixer">
			<destination>{12354b35-a586-44c1-a482-e32f94d82351}</destination>
		</relationship>
	</object>
	<object class="MixerBusEffectChain" id="{746f514c-eba3-4656-93af-424f93e5b70b}">
		<relationship name="effects">
			<destination>{6091be63-46f7-4be5-8fdb-6b2793dec042}</destination>
		</relationship>
	</object>
	<object class="MixerBusPanner" id="{c3f028f1-c5b5-4ffd-8bbd-6eadbbe82896}" />
	<object class="SingleSound" id="{d5172991-f250-4198-8b63-c7c442c6beb2}">
		<property name="length">
			<value>2.2320000000000002</value>
		</property>
		<relationship name="audioFile">
			<destination>{a84b26c0-be22-40a7-af48-2ed14bc692f0}</destination>
		</relationship>
	</object>
	<object class="EventMixerGroup" id="{c04dfaf0-fc2c-48da-8871-e660ac36f868}">
		<property name="volume">
			<value>3</value>
		</property>
		<property name="name">
			<value>Audio 1</value>
		</property>
		<relationship name="effectChain">
			<destination>{ccb9eda2-c6c3-4d09-b15e-cb750289a158}</destination>
		</relationship>
		<relationship name="panner">
			<destination>{cde8cee6-963c-459a-a0fa-05fc92805cb2}</destination>
		</relationship>
		<relationship name="output">
			<destination>{2b86f247-f63e-4f62-9cea-879e71a2a75c}</destination>
		</relationship>
	</object>
	<object class="MixerBusEffectChain" id="{a34c748a-6b94-460c-a4fa-484c5e38eed6}">
		<relationship name="effects">
			<destination>{6a06bb6e-104c-4eb1-aa23-1b845e20937f}</destination>
		</relationship>
	</object>
	<object class="MixerBusPanner" id="{abe6d68c-5ac4-466e-b3d7-ba87dd38b18c}" />
	<object class="MixerBusFader" id="{6091be63-46f7-4be5-8fdb-6b2793dec042}" />
	<object class="MixerBusEffectChain" id="{ccb9eda2-c6c3-4d09-b15e-cb750289a158}">
		<relationship name="effects">
			<destination>{1843318c-611c-4438-b1eb-57335748488c}</destination>
			<destination>{317166e1-de40-4b86-965f-6ed1f30218c4}</destination>
		</relationship>
	</object>
	<object class="MixerBusPanner" id="{cde8cee6-963c-459a-a0fa-05fc92805cb2}" />
	<object class="MixerBusFader" id="{6a06bb6e-104c-4eb1-aa23-1b845e20937f}" />
	<object class="MixerBusFader" id="{1843318c-611c-4438-b1eb-57335748488c}" />
	<object class="MultibandEqEffect" id="{317166e1-de40-4b86-965f-6ed1f30218c4}">
		<property name="frequencyA">
			<value>411.877075</value>
		</property>
		<property name="qualityA">
			<value>1.80668044</value>
		</property>
	</object>
</objects>
