<?xml version="1.0" encoding="UTF-8"?>
<objects serializationModel="Studio.02.02.00">
	<object class="Event" id="{49aa889b-5ad0-4488-a48f-1a8c859628f8}">
		<property name="name">
			<value>SFX_selection</value>
		</property>
		<property name="outputFormat">
			<value>1</value>
		</property>
		<relationship name="folder">
			<destination>{73c05cc0-5a91-4179-9dc0-2559ce49a0b2}</destination>
		</relationship>
		<relationship name="mixer">
			<destination>{9b94b2cd-6f01-4750-9b0f-32133220582d}</destination>
		</relationship>
		<relationship name="masterTrack">
			<destination>{dbae1a9e-db06-41fe-975b-26cd46ae0158}</destination>
		</relationship>
		<relationship name="mixerInput">
			<destination>{23fdc816-b4a3-4677-a4ed-c73cdbbf6dcd}</destination>
		</relationship>
		<relationship name="automatableProperties">
			<destination>{51a48e9c-39e3-4880-a994-a04f90b61746}</destination>
		</relationship>
		<relationship name="markerTracks">
			<destination>{f75116f1-4e9b-45e2-920f-c005b645e5ff}</destination>
		</relationship>
		<relationship name="groupTracks">
			<destination>{27b37a09-2cc6-4fba-a53f-d70188244272}</destination>
		</relationship>
		<relationship name="timeline">
			<destination>{b3bc7e3c-d671-4571-a59a-9b7cedd890e9}</destination>
		</relationship>
		<relationship name="banks">
			<destination>{d4d17705-be39-47c3-8295-a796b7c0423b}</destination>
		</relationship>
	</object>
	<object class="EventMixer" id="{9b94b2cd-6f01-4750-9b0f-32133220582d}">
		<relationship name="masterBus">
			<destination>{5b31e808-28b0-4b2a-b883-21b1d50612c9}</destination>
		</relationship>
	</object>
	<object class="MasterTrack" id="{dbae1a9e-db06-41fe-975b-26cd46ae0158}">
		<relationship name="mixerGroup">
			<destination>{5b31e808-28b0-4b2a-b883-21b1d50612c9}</destination>
		</relationship>
	</object>
	<object class="MixerInput" id="{23fdc816-b4a3-4677-a4ed-c73cdbbf6dcd}">
		<relationship name="masters">
			<destination>{03750709-4952-40d2-8d26-c09256307f62}</destination>
		</relationship>
		<relationship name="effectChain">
			<destination>{56dbf7c9-4489-4916-a464-6c4ef4f631ed}</destination>
		</relationship>
		<relationship name="panner">
			<destination>{ea50fb45-57a7-48a5-a39f-73d32f17026f}</destination>
		</relationship>
		<relationship name="output">
			<destination>{fa66d92f-7a71-43a1-8e57-1ec6a053f1c3}</destination>
		</relationship>
	</object>
	<object class="EventAutomatableProperties" id="{51a48e9c-39e3-4880-a994-a04f90b61746}" />
	<object class="MarkerTrack" id="{f75116f1-4e9b-45e2-920f-c005b645e5ff}" />
	<object class="GroupTrack" id="{27b37a09-2cc6-4fba-a53f-d70188244272}">
		<relationship name="modules">
			<destination>{4e8d6d16-c1d5-489d-a766-434fc73c5cf7}</destination>
		</relationship>
		<relationship name="mixerGroup">
			<destination>{fdb9c4bd-3be5-4b42-acd2-2e25d3e80415}</destination>
		</relationship>
	</object>
	<object class="Timeline" id="{b3bc7e3c-d671-4571-a59a-9b7cedd890e9}">
		<relationship name="modules">
			<destination>{4e8d6d16-c1d5-489d-a766-434fc73c5cf7}</destination>
		</relationship>
	</object>
	<object class="EventMixerMaster" id="{5b31e808-28b0-4b2a-b883-21b1d50612c9}">
		<relationship name="effectChain">
			<destination>{a81eca75-6159-428a-a8e4-d20dd05515d8}</destination>
		</relationship>
		<relationship name="panner">
			<destination>{2960c717-b66f-4c01-9094-e2224eca0394}</destination>
		</relationship>
		<relationship name="mixer">
			<destination>{9b94b2cd-6f01-4750-9b0f-32133220582d}</destination>
		</relationship>
	</object>
	<object class="MixerBusEffectChain" id="{56dbf7c9-4489-4916-a464-6c4ef4f631ed}">
		<relationship name="effects">
			<destination>{a86388eb-fed3-4c45-b0e4-bcb86eccded5}</destination>
		</relationship>
	</object>
	<object class="MixerBusPanner" id="{ea50fb45-57a7-48a5-a39f-73d32f17026f}" />
	<object class="SingleSound" id="{4e8d6d16-c1d5-489d-a766-434fc73c5cf7}">
		<property name="length">
			<value>1.3200000000000001</value>
		</property>
		<relationship name="audioFile">
			<destination>{50a1b413-655f-4642-8baa-8fdffa0ae2c7}</destination>
		</relationship>
	</object>
	<object class="EventMixerGroup" id="{fdb9c4bd-3be5-4b42-acd2-2e25d3e80415}">
		<property name="name">
			<value>Audio 1</value>
		</property>
		<relationship name="effectChain">
			<destination>{4c7029cf-9781-4273-b04c-662f3270d603}</destination>
		</relationship>
		<relationship name="panner">
			<destination>{588d7bac-831d-4707-9680-82cf41b7b2f3}</destination>
		</relationship>
		<relationship name="output">
			<destination>{5b31e808-28b0-4b2a-b883-21b1d50612c9}</destination>
		</relationship>
	</object>
	<object class="MixerBusEffectChain" id="{a81eca75-6159-428a-a8e4-d20dd05515d8}">
		<relationship name="effects">
			<destination>{3005de3c-d639-4ae1-883e-71f1a140fb07}</destination>
		</relationship>
	</object>
	<object class="MixerBusPanner" id="{2960c717-b66f-4c01-9094-e2224eca0394}" />
	<object class="MixerBusFader" id="{a86388eb-fed3-4c45-b0e4-bcb86eccded5}" />
	<object class="MixerBusEffectChain" id="{4c7029cf-9781-4273-b04c-662f3270d603}">
		<relationship name="effects">
			<destination>{35f54bc4-76dc-4e9a-b33e-697a281cabea}</destination>
		</relationship>
	</object>
	<object class="MixerBusPanner" id="{588d7bac-831d-4707-9680-82cf41b7b2f3}" />
	<object class="MixerBusFader" id="{3005de3c-d639-4ae1-883e-71f1a140fb07}" />
	<object class="MixerBusFader" id="{35f54bc4-76dc-4e9a-b33e-697a281cabea}" />
</objects>
