<?xml version="1.0" encoding="UTF-8"?>
<objects serializationModel="Studio.02.02.00">
	<object class="Event" id="{55f67edb-c806-4241-91cd-2a36fc0515de}">
		<property name="name">
			<value>SFX_coinGet</value>
		</property>
		<property name="outputFormat">
			<value>1</value>
		</property>
		<relationship name="folder">
			<destination>{73c05cc0-5a91-4179-9dc0-2559ce49a0b2}</destination>
		</relationship>
		<relationship name="mixer">
			<destination>{0da55d61-de31-4435-8003-6e422b7eac26}</destination>
		</relationship>
		<relationship name="masterTrack">
			<destination>{4a6aad2f-7480-4d8e-bab8-6ea896ea8122}</destination>
		</relationship>
		<relationship name="mixerInput">
			<destination>{d9275cb3-4e8c-431e-ab03-cc17a5253a41}</destination>
		</relationship>
		<relationship name="automatableProperties">
			<destination>{b4fb2dcf-a677-4833-9f5e-3fcdcb9b5257}</destination>
		</relationship>
		<relationship name="markerTracks">
			<destination>{3e1bdf93-4309-44de-b1ae-c920c388af35}</destination>
		</relationship>
		<relationship name="groupTracks">
			<destination>{99a9bda7-6d65-418f-a83e-a72bba298c37}</destination>
		</relationship>
		<relationship name="timeline">
			<destination>{18a33ac8-f1a8-4db5-8197-debf1c789720}</destination>
		</relationship>
		<relationship name="banks">
			<destination>{d4d17705-be39-47c3-8295-a796b7c0423b}</destination>
		</relationship>
	</object>
	<object class="EventMixer" id="{0da55d61-de31-4435-8003-6e422b7eac26}">
		<relationship name="masterBus">
			<destination>{d89da9c0-275c-40fd-9bb2-6e9bc4fa000e}</destination>
		</relationship>
	</object>
	<object class="MasterTrack" id="{4a6aad2f-7480-4d8e-bab8-6ea896ea8122}">
		<relationship name="mixerGroup">
			<destination>{d89da9c0-275c-40fd-9bb2-6e9bc4fa000e}</destination>
		</relationship>
	</object>
	<object class="MixerInput" id="{d9275cb3-4e8c-431e-ab03-cc17a5253a41}">
		<relationship name="masters">
			<destination>{03750709-4952-40d2-8d26-c09256307f62}</destination>
		</relationship>
		<relationship name="effectChain">
			<destination>{685bb119-c2f2-4c67-9ee0-9d81457bc78d}</destination>
		</relationship>
		<relationship name="panner">
			<destination>{77d1c871-e2ef-48e6-ae9e-66e62aef5047}</destination>
		</relationship>
		<relationship name="output">
			<destination>{fa66d92f-7a71-43a1-8e57-1ec6a053f1c3}</destination>
		</relationship>
	</object>
	<object class="EventAutomatableProperties" id="{b4fb2dcf-a677-4833-9f5e-3fcdcb9b5257}" />
	<object class="MarkerTrack" id="{3e1bdf93-4309-44de-b1ae-c920c388af35}" />
	<object class="GroupTrack" id="{99a9bda7-6d65-418f-a83e-a72bba298c37}">
		<relationship name="modules">
			<destination>{7fad922b-35cc-4141-95a1-803217fc1fbc}</destination>
		</relationship>
		<relationship name="mixerGroup">
			<destination>{28e0c71d-bc7c-4b50-ba30-3c18db39c634}</destination>
		</relationship>
	</object>
	<object class="Timeline" id="{18a33ac8-f1a8-4db5-8197-debf1c789720}">
		<relationship name="modules">
			<destination>{7fad922b-35cc-4141-95a1-803217fc1fbc}</destination>
		</relationship>
	</object>
	<object class="EventMixerMaster" id="{d89da9c0-275c-40fd-9bb2-6e9bc4fa000e}">
		<relationship name="effectChain">
			<destination>{671cf1b3-1194-4290-8c8a-e84624659f2d}</destination>
		</relationship>
		<relationship name="panner">
			<destination>{f4dde0b7-9efb-418c-a555-36e88ffe1e90}</destination>
		</relationship>
		<relationship name="mixer">
			<destination>{0da55d61-de31-4435-8003-6e422b7eac26}</destination>
		</relationship>
	</object>
	<object class="MixerBusEffectChain" id="{685bb119-c2f2-4c67-9ee0-9d81457bc78d}">
		<relationship name="effects">
			<destination>{0e532cfc-df76-410a-a61b-cf06a1aa9179}</destination>
		</relationship>
	</object>
	<object class="MixerBusPanner" id="{77d1c871-e2ef-48e6-ae9e-66e62aef5047}" />
	<object class="SingleSound" id="{7fad922b-35cc-4141-95a1-803217fc1fbc}">
		<property name="length">
			<value>1.3200000000000001</value>
		</property>
		<relationship name="audioFile">
			<destination>{a678e79c-e913-4606-8bda-03cd8ccb1945}</destination>
		</relationship>
	</object>
	<object class="EventMixerGroup" id="{28e0c71d-bc7c-4b50-ba30-3c18db39c634}">
		<property name="name">
			<value>Audio 1</value>
		</property>
		<relationship name="effectChain">
			<destination>{dbdbacda-bbd8-4b8c-b32d-01613323b487}</destination>
		</relationship>
		<relationship name="panner">
			<destination>{c0a97104-f72c-424a-8be6-20623dd2c81a}</destination>
		</relationship>
		<relationship name="output">
			<destination>{d89da9c0-275c-40fd-9bb2-6e9bc4fa000e}</destination>
		</relationship>
	</object>
	<object class="MixerBusEffectChain" id="{671cf1b3-1194-4290-8c8a-e84624659f2d}">
		<relationship name="effects">
			<destination>{ab6fe258-d38d-4071-a024-0a28066c7a9e}</destination>
		</relationship>
	</object>
	<object class="MixerBusPanner" id="{f4dde0b7-9efb-418c-a555-36e88ffe1e90}" />
	<object class="MixerBusFader" id="{0e532cfc-df76-410a-a61b-cf06a1aa9179}" />
	<object class="MixerBusEffectChain" id="{dbdbacda-bbd8-4b8c-b32d-01613323b487}">
		<relationship name="effects">
			<destination>{117da2da-7bad-451a-a2d9-bd4e233b7c08}</destination>
		</relationship>
	</object>
	<object class="MixerBusPanner" id="{c0a97104-f72c-424a-8be6-20623dd2c81a}" />
	<object class="MixerBusFader" id="{ab6fe258-d38d-4071-a024-0a28066c7a9e}" />
	<object class="MixerBusFader" id="{117da2da-7bad-451a-a2d9-bd4e233b7c08}" />
</objects>
