<?xml version="1.0" encoding="UTF-8"?>
<objects serializationModel="Studio.02.02.00">
	<object class="Event" id="{765146b0-d1b0-46a6-84b6-ea2be3242585}">
		<property name="name">
			<value>infiniteModeTheme</value>
		</property>
		<property name="outputFormat">
			<value>1</value>
		</property>
		<relationship name="folder">
			<destination>{73c05cc0-5a91-4179-9dc0-2559ce49a0b2}</destination>
		</relationship>
		<relationship name="mixer">
			<destination>{7167736e-569d-49bc-96d8-8e965d65da83}</destination>
		</relationship>
		<relationship name="masterTrack">
			<destination>{6d9b8a72-719f-40a4-995a-7f371271a143}</destination>
		</relationship>
		<relationship name="mixerInput">
			<destination>{9c8e5357-8778-4837-a3b4-9b32ff3bf953}</destination>
		</relationship>
		<relationship name="automatableProperties">
			<destination>{6e389bdf-507b-49c3-a575-d8109a4ce7b2}</destination>
		</relationship>
		<relationship name="markerTracks">
			<destination>{e83aaf27-84af-4d7a-8687-b2d67e514afd}</destination>
		</relationship>
		<relationship name="groupTracks">
			<destination>{1d7d788f-8564-4fe2-9712-8ef350b9d8cc}</destination>
			<destination>{a471e511-e04f-40d3-8057-739bd8d785a4}</destination>
		</relationship>
		<relationship name="timeline">
			<destination>{5e4102fe-3bf8-4525-be2c-d307704be032}</destination>
		</relationship>
		<relationship name="banks">
			<destination>{d4d17705-be39-47c3-8295-a796b7c0423b}</destination>
		</relationship>
	</object>
	<object class="EventMixer" id="{7167736e-569d-49bc-96d8-8e965d65da83}">
		<relationship name="masterBus">
			<destination>{cd75ea4c-9435-4011-b95f-668c2a52e4f3}</destination>
		</relationship>
	</object>
	<object class="MasterTrack" id="{6d9b8a72-719f-40a4-995a-7f371271a143}">
		<relationship name="mixerGroup">
			<destination>{cd75ea4c-9435-4011-b95f-668c2a52e4f3}</destination>
		</relationship>
	</object>
	<object class="MixerInput" id="{9c8e5357-8778-4837-a3b4-9b32ff3bf953}">
		<relationship name="masters">
			<destination>{32d0b087-fd0f-49d0-9b79-a0a493b2142c}</destination>
		</relationship>
		<relationship name="effectChain">
			<destination>{f9f11489-b90c-4b68-8a32-e08414934614}</destination>
		</relationship>
		<relationship name="panner">
			<destination>{90e749f9-0f9a-4f53-99a7-f578ad415b5d}</destination>
		</relationship>
		<relationship name="output">
			<destination>{fa66d92f-7a71-43a1-8e57-1ec6a053f1c3}</destination>
		</relationship>
	</object>
	<object class="EventAutomatableProperties" id="{6e389bdf-507b-49c3-a575-d8109a4ce7b2}" />
	<object class="MarkerTrack" id="{e83aaf27-84af-4d7a-8687-b2d67e514afd}" />
	<object class="GroupTrack" id="{1d7d788f-8564-4fe2-9712-8ef350b9d8cc}">
		<relationship name="modules">
			<destination>{c896704d-5a7d-4658-aa30-77197f7f2a60}</destination>
		</relationship>
		<relationship name="mixerGroup">
			<destination>{6cc16d43-52b0-49b0-95ff-f37b9d87b526}</destination>
		</relationship>
	</object>
	<object class="GroupTrack" id="{a471e511-e04f-40d3-8057-739bd8d785a4}">
		<relationship name="modules">
			<destination>{5053a255-40d6-434a-b34a-ad738474c06a}</destination>
		</relationship>
		<relationship name="mixerGroup">
			<destination>{56dc9a24-d15e-42f6-a8f6-39b1012307fd}</destination>
		</relationship>
	</object>
	<object class="Timeline" id="{5e4102fe-3bf8-4525-be2c-d307704be032}">
		<relationship name="modules">
			<destination>{c896704d-5a7d-4658-aa30-77197f7f2a60}</destination>
			<destination>{5053a255-40d6-434a-b34a-ad738474c06a}</destination>
		</relationship>
		<relationship name="markers">
			<destination>{8a6259bc-b86f-4a19-b23f-734da3f430a1}</destination>
			<destination>{7587b6a2-ae4b-45db-b68f-7f68b6d474dc}</destination>
		</relationship>
	</object>
	<object class="EventMixerMaster" id="{cd75ea4c-9435-4011-b95f-668c2a52e4f3}">
		<relationship name="modulators">
			<destination>{6d4bad38-04e1-4274-b7b7-7874d5e5b25e}</destination>
			<destination>{d7f79f93-9142-4448-8016-4c4bb0d91ad9}</destination>
		</relationship>
		<relationship name="effectChain">
			<destination>{74fec0ac-d450-4ee3-a3fe-aaa60fb75d0f}</destination>
		</relationship>
		<relationship name="panner">
			<destination>{8b19c1d6-15f9-4572-a978-3e60061824fb}</destination>
		</relationship>
		<relationship name="mixer">
			<destination>{7167736e-569d-49bc-96d8-8e965d65da83}</destination>
		</relationship>
	</object>
	<object class="MixerBusEffectChain" id="{f9f11489-b90c-4b68-8a32-e08414934614}">
		<relationship name="effects">
			<destination>{eae46195-6e6a-4c3b-9b14-f650f3072221}</destination>
		</relationship>
	</object>
	<object class="MixerBusPanner" id="{90e749f9-0f9a-4f53-99a7-f578ad415b5d}" />
	<object class="SingleSound" id="{c896704d-5a7d-4658-aa30-77197f7f2a60}">
		<property name="start">
			<value>1.0909090909090908</value>
		</property>
		<property name="length">
			<value>129.72</value>
		</property>
		<relationship name="audioFile">
			<destination>{3d63c953-1d10-4764-a670-8206a502292b}</destination>
		</relationship>
	</object>
	<object class="EventMixerGroup" id="{6cc16d43-52b0-49b0-95ff-f37b9d87b526}">
		<property name="name">
			<value>Audio 1</value>
		</property>
		<relationship name="effectChain">
			<destination>{29569a09-0dc2-4a14-8417-bb31182104ff}</destination>
		</relationship>
		<relationship name="panner">
			<destination>{b705ba32-7497-42c7-99f2-14cdfc2aad95}</destination>
		</relationship>
		<relationship name="output">
			<destination>{cd75ea4c-9435-4011-b95f-668c2a52e4f3}</destination>
		</relationship>
	</object>
	<object class="SingleSound" id="{5053a255-40d6-434a-b34a-ad738474c06a}">
		<property name="start">
			<value>123.27272727272727</value>
		</property>
		<property name="length">
			<value>129.72</value>
		</property>
		<relationship name="audioFile">
			<destination>{3d63c953-1d10-4764-a670-8206a502292b}</destination>
		</relationship>
	</object>
	<object class="EventMixerGroup" id="{56dc9a24-d15e-42f6-a8f6-39b1012307fd}">
		<property name="name">
			<value>Audio 2</value>
		</property>
		<relationship name="effectChain">
			<destination>{2860c53e-a2f5-42e5-a52f-d71216c990ba}</destination>
		</relationship>
		<relationship name="panner">
			<destination>{30b947a2-789f-41ca-a575-4234ed2e9213}</destination>
		</relationship>
		<relationship name="output">
			<destination>{cd75ea4c-9435-4011-b95f-668c2a52e4f3}</destination>
		</relationship>
	</object>
	<object class="TempoMarker" id="{8a6259bc-b86f-4a19-b23f-734da3f430a1}">
		<property name="position">
			<value>0</value>
		</property>
		<property name="tempo">
			<value>110</value>
		</property>
		<relationship name="timeline">
			<destination>{5e4102fe-3bf8-4525-be2c-d307704be032}</destination>
		</relationship>
		<relationship name="markerTrack">
			<destination>{e83aaf27-84af-4d7a-8687-b2d67e514afd}</destination>
		</relationship>
	</object>
	<object class="LoopRegion" id="{7587b6a2-ae4b-45db-b68f-7f68b6d474dc}">
		<property name="position">
			<value>123.27272727272727</value>
		</property>
		<property name="length">
			<value>122.18181818181816</value>
		</property>
		<relationship name="timeline">
			<destination>{5e4102fe-3bf8-4525-be2c-d307704be032}</destination>
		</relationship>
		<relationship name="markerTrack">
			<destination>{e83aaf27-84af-4d7a-8687-b2d67e514afd}</destination>
		</relationship>
	</object>
	<object class="ADSRModulator" id="{6d4bad38-04e1-4274-b7b7-7874d5e5b25e}">
		<property name="nameOfPropertyBeingModulated">
			<value>pitch</value>
		</property>
		<property name="releaseTime">
			<value>3019.23145</value>
		</property>
		<property name="releaseShape">
			<value>0.567173958</value>
		</property>
		<property name="finalValue">
			<value>-100</value>
		</property>
	</object>
	<object class="ADSRModulator" id="{d7f79f93-9142-4448-8016-4c4bb0d91ad9}">
		<property name="nameOfPropertyBeingModulated">
			<value>volume</value>
		</property>
		<property name="initialValue">
			<value>-80</value>
		</property>
		<property name="attackTime">
			<value>0</value>
		</property>
		<property name="releaseTime">
			<value>3019.23145</value>
		</property>
		<property name="releaseShape">
			<value>0.550516367</value>
		</property>
		<property name="finalValue">
			<value>-80</value>
		</property>
	</object>
	<object class="MixerBusEffectChain" id="{74fec0ac-d450-4ee3-a3fe-aaa60fb75d0f}">
		<relationship name="effects">
			<destination>{cae753fa-ff33-448e-bc02-9fac2b68c6d9}</destination>
		</relationship>
	</object>
	<object class="MixerBusPanner" id="{8b19c1d6-15f9-4572-a978-3e60061824fb}" />
	<object class="MixerBusFader" id="{eae46195-6e6a-4c3b-9b14-f650f3072221}" />
	<object class="MixerBusEffectChain" id="{29569a09-0dc2-4a14-8417-bb31182104ff}">
		<relationship name="effects">
			<destination>{8fd191e8-01c6-4c57-a40c-50c6cb87ce1f}</destination>
		</relationship>
	</object>
	<object class="MixerBusPanner" id="{b705ba32-7497-42c7-99f2-14cdfc2aad95}" />
	<object class="MixerBusEffectChain" id="{2860c53e-a2f5-42e5-a52f-d71216c990ba}">
		<relationship name="effects">
			<destination>{6e1c1796-21ef-4b31-b32b-7b828144ac96}</destination>
		</relationship>
	</object>
	<object class="MixerBusPanner" id="{30b947a2-789f-41ca-a575-4234ed2e9213}" />
	<object class="MixerBusFader" id="{cae753fa-ff33-448e-bc02-9fac2b68c6d9}" />
	<object class="MixerBusFader" id="{8fd191e8-01c6-4c57-a40c-50c6cb87ce1f}" />
	<object class="MixerBusFader" id="{6e1c1796-21ef-4b31-b32b-7b828144ac96}" />
</objects>
