<?xml version="1.0" encoding="UTF-8"?>
<objects serializationModel="Studio.02.02.00">
	<object class="Event" id="{af8d4639-5f8f-445b-b4a5-1e204a14bfb2}">
		<property name="name">
			<value>SFX_pauseMenu</value>
		</property>
		<property name="outputFormat">
			<value>1</value>
		</property>
		<relationship name="folder">
			<destination>{73c05cc0-5a91-4179-9dc0-2559ce49a0b2}</destination>
		</relationship>
		<relationship name="mixer">
			<destination>{2de2922d-203e-4fb2-a1c9-cad477b80fb0}</destination>
		</relationship>
		<relationship name="masterTrack">
			<destination>{1aa44ae7-7259-41e9-a5cc-3375019f3436}</destination>
		</relationship>
		<relationship name="mixerInput">
			<destination>{0ceff8f8-62d9-4a8d-b4d2-ee7b9e548f42}</destination>
		</relationship>
		<relationship name="automatableProperties">
			<destination>{55ca6ea9-5835-4fcd-bd5b-2e917b503f98}</destination>
		</relationship>
		<relationship name="markerTracks">
			<destination>{5c8670b5-c721-4142-b46c-c81462f07a60}</destination>
		</relationship>
		<relationship name="groupTracks">
			<destination>{44edc209-7a5f-4237-b294-ce702c32db9d}</destination>
		</relationship>
		<relationship name="timeline">
			<destination>{97154f3b-1fb0-44ce-adec-79390ab5e4eb}</destination>
		</relationship>
		<relationship name="banks">
			<destination>{d4d17705-be39-47c3-8295-a796b7c0423b}</destination>
		</relationship>
	</object>
	<object class="EventMixer" id="{2de2922d-203e-4fb2-a1c9-cad477b80fb0}">
		<relationship name="masterBus">
			<destination>{cfbedbb8-e094-432a-bc09-5046b3a2024a}</destination>
		</relationship>
	</object>
	<object class="MasterTrack" id="{1aa44ae7-7259-41e9-a5cc-3375019f3436}">
		<relationship name="mixerGroup">
			<destination>{cfbedbb8-e094-432a-bc09-5046b3a2024a}</destination>
		</relationship>
	</object>
	<object class="MixerInput" id="{0ceff8f8-62d9-4a8d-b4d2-ee7b9e548f42}">
		<relationship name="masters">
			<destination>{03750709-4952-40d2-8d26-c09256307f62}</destination>
		</relationship>
		<relationship name="effectChain">
			<destination>{a64d1202-f92d-4ef8-a84f-e03833acf853}</destination>
		</relationship>
		<relationship name="panner">
			<destination>{44d3ade0-7739-4335-a0e5-73e014b2ec2f}</destination>
		</relationship>
		<relationship name="output">
			<destination>{fa66d92f-7a71-43a1-8e57-1ec6a053f1c3}</destination>
		</relationship>
	</object>
	<object class="EventAutomatableProperties" id="{55ca6ea9-5835-4fcd-bd5b-2e917b503f98}" />
	<object class="MarkerTrack" id="{5c8670b5-c721-4142-b46c-c81462f07a60}" />
	<object class="GroupTrack" id="{44edc209-7a5f-4237-b294-ce702c32db9d}">
		<relationship name="modules">
			<destination>{507668a5-fce4-437d-9d86-0c27b3eaa9d3}</destination>
		</relationship>
		<relationship name="mixerGroup">
			<destination>{676539fe-33eb-4f18-85ca-519480f3b245}</destination>
		</relationship>
	</object>
	<object class="Timeline" id="{97154f3b-1fb0-44ce-adec-79390ab5e4eb}">
		<relationship name="modules">
			<destination>{507668a5-fce4-437d-9d86-0c27b3eaa9d3}</destination>
		</relationship>
	</object>
	<object class="EventMixerMaster" id="{cfbedbb8-e094-432a-bc09-5046b3a2024a}">
		<relationship name="effectChain">
			<destination>{f870f953-18c9-4bc2-9c11-4201b68e9fb3}</destination>
		</relationship>
		<relationship name="panner">
			<destination>{812b3be9-82e9-4706-af24-186832331670}</destination>
		</relationship>
		<relationship name="mixer">
			<destination>{2de2922d-203e-4fb2-a1c9-cad477b80fb0}</destination>
		</relationship>
	</object>
	<object class="MixerBusEffectChain" id="{a64d1202-f92d-4ef8-a84f-e03833acf853}">
		<relationship name="effects">
			<destination>{4aaca16e-c3bb-4a7b-9793-59af06d2c594}</destination>
		</relationship>
	</object>
	<object class="MixerBusPanner" id="{44d3ade0-7739-4335-a0e5-73e014b2ec2f}" />
	<object class="SingleSound" id="{507668a5-fce4-437d-9d86-0c27b3eaa9d3}">
		<property name="length">
			<value>1.3200000000000001</value>
		</property>
		<relationship name="audioFile">
			<destination>{8a80cafe-0ba0-45fd-96c7-e997c1623c5b}</destination>
		</relationship>
	</object>
	<object class="EventMixerGroup" id="{676539fe-33eb-4f18-85ca-519480f3b245}">
		<property name="name">
			<value>Audio 1</value>
		</property>
		<relationship name="effectChain">
			<destination>{ac890d65-b6a8-4a85-ae3f-98f275777ba7}</destination>
		</relationship>
		<relationship name="panner">
			<destination>{4140bd0d-f0c0-4505-9410-6e089e5f72de}</destination>
		</relationship>
		<relationship name="output">
			<destination>{cfbedbb8-e094-432a-bc09-5046b3a2024a}</destination>
		</relationship>
	</object>
	<object class="MixerBusEffectChain" id="{f870f953-18c9-4bc2-9c11-4201b68e9fb3}">
		<relationship name="effects">
			<destination>{91777881-ddf0-4ed7-9419-b9ea417a7a6d}</destination>
		</relationship>
	</object>
	<object class="MixerBusPanner" id="{812b3be9-82e9-4706-af24-186832331670}" />
	<object class="MixerBusFader" id="{4aaca16e-c3bb-4a7b-9793-59af06d2c594}" />
	<object class="MixerBusEffectChain" id="{ac890d65-b6a8-4a85-ae3f-98f275777ba7}">
		<relationship name="effects">
			<destination>{50ffde62-3136-4864-9bd5-f948f77f83c7}</destination>
		</relationship>
	</object>
	<object class="MixerBusPanner" id="{4140bd0d-f0c0-4505-9410-6e089e5f72de}" />
	<object class="MixerBusFader" id="{91777881-ddf0-4ed7-9419-b9ea417a7a6d}" />
	<object class="MixerBusFader" id="{50ffde62-3136-4864-9bd5-f948f77f83c7}" />
</objects>
