<?xml version="1.0" encoding="UTF-8"?>
<objects serializationModel="Studio.02.02.00">
	<object class="Event" id="{a16787f2-c9fd-42cb-9647-90594e6b2490}">
		<property name="name">
			<value>mainMenu</value>
		</property>
		<property name="outputFormat">
			<value>1</value>
		</property>
		<relationship name="folder">
			<destination>{73c05cc0-5a91-4179-9dc0-2559ce49a0b2}</destination>
		</relationship>
		<relationship name="mixer">
			<destination>{3a3c7773-a9fa-4782-9232-580a0fc1fb3d}</destination>
		</relationship>
		<relationship name="masterTrack">
			<destination>{89e965aa-11ac-4780-8be8-3aa7abd2c8fd}</destination>
		</relationship>
		<relationship name="mixerInput">
			<destination>{f75174a0-cb2c-4967-afac-321fb738122a}</destination>
		</relationship>
		<relationship name="automatableProperties">
			<destination>{400a839c-216a-4e6d-9683-51b9fe8bd28d}</destination>
		</relationship>
		<relationship name="markerTracks">
			<destination>{18cf2236-73da-4b88-aa37-d3e98e8fda6f}</destination>
		</relationship>
		<relationship name="groupTracks">
			<destination>{029b1aaf-13ee-46d8-affe-06d4b12a26ad}</destination>
			<destination>{a3758ab8-6b6c-451f-90ba-58ece9f8ebf5}</destination>
		</relationship>
		<relationship name="timeline">
			<destination>{19801215-1f2c-4215-99bd-3e9542c2427b}</destination>
		</relationship>
		<relationship name="banks">
			<destination>{d4d17705-be39-47c3-8295-a796b7c0423b}</destination>
		</relationship>
	</object>
	<object class="EventMixer" id="{3a3c7773-a9fa-4782-9232-580a0fc1fb3d}">
		<relationship name="masterBus">
			<destination>{679d1aad-f7b2-47b8-a809-12a6b9a72d41}</destination>
		</relationship>
	</object>
	<object class="MasterTrack" id="{89e965aa-11ac-4780-8be8-3aa7abd2c8fd}">
		<relationship name="mixerGroup">
			<destination>{679d1aad-f7b2-47b8-a809-12a6b9a72d41}</destination>
		</relationship>
	</object>
	<object class="MixerInput" id="{f75174a0-cb2c-4967-afac-321fb738122a}">
		<relationship name="masters">
			<destination>{32d0b087-fd0f-49d0-9b79-a0a493b2142c}</destination>
		</relationship>
		<relationship name="effectChain">
			<destination>{d149c97c-d4d7-4034-a004-9eca5a9ad5de}</destination>
		</relationship>
		<relationship name="panner">
			<destination>{e19cde92-e291-44b7-8f60-fba4af2aaee4}</destination>
		</relationship>
		<relationship name="output">
			<destination>{fa66d92f-7a71-43a1-8e57-1ec6a053f1c3}</destination>
		</relationship>
	</object>
	<object class="EventAutomatableProperties" id="{400a839c-216a-4e6d-9683-51b9fe8bd28d}" />
	<object class="MarkerTrack" id="{18cf2236-73da-4b88-aa37-d3e98e8fda6f}" />
	<object class="GroupTrack" id="{029b1aaf-13ee-46d8-affe-06d4b12a26ad}">
		<relationship name="automationTracks">
			<destination>{a6bdc121-2354-4a04-91fb-bd4bac4e8de4}</destination>
		</relationship>
		<relationship name="modules">
			<destination>{b5fa2334-6bac-48d5-8dc5-ff1776dc80a1}</destination>
		</relationship>
		<relationship name="mixerGroup">
			<destination>{a8bc698b-b7c3-455a-b345-8338ca642ee5}</destination>
		</relationship>
	</object>
	<object class="GroupTrack" id="{a3758ab8-6b6c-451f-90ba-58ece9f8ebf5}">
		<relationship name="modules">
			<destination>{4113a74b-10bc-4470-8494-23c1330b8c20}</destination>
		</relationship>
		<relationship name="mixerGroup">
			<destination>{1eb3c4fa-d4c9-4ee9-be56-b8bc7c06b9a8}</destination>
		</relationship>
	</object>
	<object class="Timeline" id="{19801215-1f2c-4215-99bd-3e9542c2427b}">
		<relationship name="modules">
			<destination>{b5fa2334-6bac-48d5-8dc5-ff1776dc80a1}</destination>
			<destination>{4113a74b-10bc-4470-8494-23c1330b8c20}</destination>
		</relationship>
		<relationship name="markers">
			<destination>{e3892fd8-a941-4b64-8e0e-defe0838d6f1}</destination>
			<destination>{e6390476-f573-4f89-aae6-2f40bdd12685}</destination>
		</relationship>
	</object>
	<object class="EventMixerMaster" id="{679d1aad-f7b2-47b8-a809-12a6b9a72d41}">
		<relationship name="modulators">
			<destination>{bfdad86c-bbaa-4e84-b086-daf14660bc8f}</destination>
		</relationship>
		<relationship name="effectChain">
			<destination>{50bff286-d888-4038-b43d-dd00bc2c130b}</destination>
		</relationship>
		<relationship name="panner">
			<destination>{d21493db-5b44-46a0-8ec5-131f21be3c15}</destination>
		</relationship>
		<relationship name="mixer">
			<destination>{3a3c7773-a9fa-4782-9232-580a0fc1fb3d}</destination>
		</relationship>
	</object>
	<object class="MixerBusEffectChain" id="{d149c97c-d4d7-4034-a004-9eca5a9ad5de}">
		<relationship name="effects">
			<destination>{66c56e4f-f783-4de7-aea4-dd3a259128fd}</destination>
		</relationship>
	</object>
	<object class="MixerBusPanner" id="{e19cde92-e291-44b7-8f60-fba4af2aaee4}" />
	<object class="AutomationTrack" id="{a6bdc121-2354-4a04-91fb-bd4bac4e8de4}">
		<relationship name="automator">
			<destination>{d839c402-41e9-431f-9707-fbb268c4ba70}</destination>
		</relationship>
	</object>
	<object class="SingleSound" id="{b5fa2334-6bac-48d5-8dc5-ff1776dc80a1}">
		<property name="length">
			<value>32.783999999999999</value>
		</property>
		<relationship name="audioFile">
			<destination>{dabc9a19-47bf-491c-9ac9-9b036c766fcc}</destination>
		</relationship>
	</object>
	<object class="EventMixerGroup" id="{a8bc698b-b7c3-455a-b345-8338ca642ee5}">
		<property name="name">
			<value>Audio 1</value>
		</property>
		<relationship name="automators">
			<destination>{d839c402-41e9-431f-9707-fbb268c4ba70}</destination>
		</relationship>
		<relationship name="effectChain">
			<destination>{f6288936-15a6-4680-9f30-34bb94bc477c}</destination>
		</relationship>
		<relationship name="panner">
			<destination>{630d9e91-078c-4a37-a86e-fdcc17e70fb1}</destination>
		</relationship>
		<relationship name="output">
			<destination>{679d1aad-f7b2-47b8-a809-12a6b9a72d41}</destination>
		</relationship>
	</object>
	<object class="SingleSound" id="{4113a74b-10bc-4470-8494-23c1330b8c20}">
		<property name="start">
			<value>26.18181818181818</value>
		</property>
		<property name="length">
			<value>23.231999999999999</value>
		</property>
		<relationship name="audioFile">
			<destination>{50c5521c-c231-4cab-a33f-16ca39ae8aaa}</destination>
		</relationship>
	</object>
	<object class="EventMixerGroup" id="{1eb3c4fa-d4c9-4ee9-be56-b8bc7c06b9a8}">
		<property name="name">
			<value>Audio 2</value>
		</property>
		<relationship name="effectChain">
			<destination>{cf80f96b-f51e-42db-a7a5-bc9dc8aaa915}</destination>
		</relationship>
		<relationship name="panner">
			<destination>{4c8e7080-37ca-40eb-95d5-d29d6324c22e}</destination>
		</relationship>
		<relationship name="output">
			<destination>{679d1aad-f7b2-47b8-a809-12a6b9a72d41}</destination>
		</relationship>
	</object>
	<object class="TempoMarker" id="{e3892fd8-a941-4b64-8e0e-defe0838d6f1}">
		<property name="position">
			<value>0</value>
		</property>
		<property name="tempo">
			<value>110</value>
		</property>
		<relationship name="timeline">
			<destination>{19801215-1f2c-4215-99bd-3e9542c2427b}</destination>
		</relationship>
		<relationship name="markerTrack">
			<destination>{18cf2236-73da-4b88-aa37-d3e98e8fda6f}</destination>
		</relationship>
	</object>
	<object class="LoopRegion" id="{e6390476-f573-4f89-aae6-2f40bdd12685}">
		<property name="position">
			<value>26.18181818181818</value>
		</property>
		<property name="length">
			<value>17.454545454545453</value>
		</property>
		<relationship name="timeline">
			<destination>{19801215-1f2c-4215-99bd-3e9542c2427b}</destination>
		</relationship>
		<relationship name="markerTrack">
			<destination>{18cf2236-73da-4b88-aa37-d3e98e8fda6f}</destination>
		</relationship>
	</object>
	<object class="ADSRModulator" id="{bfdad86c-bbaa-4e84-b086-daf14660bc8f}">
		<property name="nameOfPropertyBeingModulated">
			<value>volume</value>
		</property>
		<property name="initialValue">
			<value>-80</value>
		</property>
		<property name="attackTime">
			<value>0</value>
		</property>
		<property name="peakValue">
			<value>0.577777863</value>
		</property>
		<property name="releaseTime">
			<value>1500</value>
		</property>
		<property name="releaseShape">
			<value>0.675192773</value>
		</property>
		<property name="finalValue">
			<value>-80</value>
		</property>
	</object>
	<object class="MixerBusEffectChain" id="{50bff286-d888-4038-b43d-dd00bc2c130b}">
		<relationship name="effects">
			<destination>{d9667975-3eba-4eb5-8990-be3c27fd0184}</destination>
		</relationship>
	</object>
	<object class="MixerBusPanner" id="{d21493db-5b44-46a0-8ec5-131f21be3c15}" />
	<object class="MixerBusFader" id="{66c56e4f-f783-4de7-aea4-dd3a259128fd}" />
	<object class="Automator" id="{d839c402-41e9-431f-9707-fbb268c4ba70}">
		<property name="nameOfPropertyBeingAutomated">
			<value>volume</value>
		</property>
		<relationship name="automationCurves">
			<destination>{b2c0b688-593e-4127-a5c5-dc0dab33d02a}</destination>
		</relationship>
	</object>
	<object class="MixerBusEffectChain" id="{f6288936-15a6-4680-9f30-34bb94bc477c}">
		<relationship name="effects">
			<destination>{5662c3cb-2c40-49b9-aac1-1871abd354fc}</destination>
		</relationship>
	</object>
	<object class="MixerBusPanner" id="{630d9e91-078c-4a37-a86e-fdcc17e70fb1}" />
	<object class="MixerBusEffectChain" id="{cf80f96b-f51e-42db-a7a5-bc9dc8aaa915}">
		<relationship name="effects">
			<destination>{637301df-ce49-406d-8d73-b6b6f96dd99c}</destination>
		</relationship>
	</object>
	<object class="MixerBusPanner" id="{4c8e7080-37ca-40eb-95d5-d29d6324c22e}" />
	<object class="MixerBusFader" id="{d9667975-3eba-4eb5-8990-be3c27fd0184}" />
	<object class="AutomationCurve" id="{b2c0b688-593e-4127-a5c5-dc0dab33d02a}">
		<relationship name="parameter">
			<destination>{19801215-1f2c-4215-99bd-3e9542c2427b}</destination>
		</relationship>
		<relationship name="automationPoints">
			<destination>{e7a0a305-3689-4bf3-bcc8-af929be914ba}</destination>
			<destination>{cda9ee65-2597-439a-97c9-0abeb183f201}</destination>
		</relationship>
	</object>
	<object class="MixerBusFader" id="{5662c3cb-2c40-49b9-aac1-1871abd354fc}" />
	<object class="MixerBusFader" id="{637301df-ce49-406d-8d73-b6b6f96dd99c}" />
	<object class="AutomationPoint" id="{e7a0a305-3689-4bf3-bcc8-af929be914ba}">
		<property name="position">
			<value>4.4074074074074074</value>
		</property>
		<property name="value">
			<value>0</value>
		</property>
	</object>
	<object class="AutomationPoint" id="{cda9ee65-2597-439a-97c9-0abeb183f201}">
		<property name="position">
			<value>0</value>
		</property>
		<property name="value">
			<value>-80</value>
		</property>
		<property name="curveShape">
			<value>-0.180676013</value>
		</property>
	</object>
</objects>
