<?xml version="1.0" encoding="UTF-8"?>
<objects serializationModel="Studio.02.02.00">
	<object class="Event" id="{f507c470-f666-42e3-a6c1-a6f5c921a1b6}">
		<property name="name">
			<value>SFX_gameStart</value>
		</property>
		<property name="outputFormat">
			<value>1</value>
		</property>
		<relationship name="folder">
			<destination>{73c05cc0-5a91-4179-9dc0-2559ce49a0b2}</destination>
		</relationship>
		<relationship name="mixer">
			<destination>{9e9e9d0a-9c4c-42c0-b8fd-aab9363522d6}</destination>
		</relationship>
		<relationship name="masterTrack">
			<destination>{993d2173-8a2d-483c-9a8a-9fb1d2b88528}</destination>
		</relationship>
		<relationship name="mixerInput">
			<destination>{1f966548-8f0b-40a3-ab5d-d78d75b4c29a}</destination>
		</relationship>
		<relationship name="automatableProperties">
			<destination>{5bd12160-8a7e-491a-aef4-ff0cfa6b3ac4}</destination>
		</relationship>
		<relationship name="markerTracks">
			<destination>{d200f7f6-9053-46ce-b258-6038cb842211}</destination>
		</relationship>
		<relationship name="groupTracks">
			<destination>{7dadbf0f-fd75-492a-8ab7-b19b67a932ef}</destination>
		</relationship>
		<relationship name="timeline">
			<destination>{7f37a8e4-8e2c-456c-bf83-2b4c624c0fe4}</destination>
		</relationship>
		<relationship name="banks">
			<destination>{d4d17705-be39-47c3-8295-a796b7c0423b}</destination>
		</relationship>
	</object>
	<object class="EventMixer" id="{9e9e9d0a-9c4c-42c0-b8fd-aab9363522d6}">
		<relationship name="masterBus">
			<destination>{dacd46b7-e24f-4180-9e44-4b4b3bafa29d}</destination>
		</relationship>
	</object>
	<object class="MasterTrack" id="{993d2173-8a2d-483c-9a8a-9fb1d2b88528}">
		<relationship name="mixerGroup">
			<destination>{dacd46b7-e24f-4180-9e44-4b4b3bafa29d}</destination>
		</relationship>
	</object>
	<object class="MixerInput" id="{1f966548-8f0b-40a3-ab5d-d78d75b4c29a}">
		<relationship name="masters">
			<destination>{03750709-4952-40d2-8d26-c09256307f62}</destination>
		</relationship>
		<relationship name="effectChain">
			<destination>{225378fb-0ee5-498c-bfc6-44dfc52e7bba}</destination>
		</relationship>
		<relationship name="panner">
			<destination>{2006594f-0f41-435f-8765-3e85afdfb031}</destination>
		</relationship>
		<relationship name="output">
			<destination>{fa66d92f-7a71-43a1-8e57-1ec6a053f1c3}</destination>
		</relationship>
	</object>
	<object class="EventAutomatableProperties" id="{5bd12160-8a7e-491a-aef4-ff0cfa6b3ac4}" />
	<object class="MarkerTrack" id="{d200f7f6-9053-46ce-b258-6038cb842211}" />
	<object class="GroupTrack" id="{7dadbf0f-fd75-492a-8ab7-b19b67a932ef}">
		<relationship name="automationTracks">
			<destination>{9d144f04-d91f-48a0-95ea-58cc8e0bbef8}</destination>
		</relationship>
		<relationship name="modules">
			<destination>{166e02fd-1121-468b-b623-d6d841160bc3}</destination>
		</relationship>
		<relationship name="mixerGroup">
			<destination>{eaa670aa-b997-46eb-8724-c27d8a63dc86}</destination>
		</relationship>
	</object>
	<object class="Timeline" id="{7f37a8e4-8e2c-456c-bf83-2b4c624c0fe4}">
		<relationship name="modules">
			<destination>{166e02fd-1121-468b-b623-d6d841160bc3}</destination>
		</relationship>
		<relationship name="markers">
			<destination>{1b4d7e6c-d09d-4b5e-af04-9b18d2c968d8}</destination>
		</relationship>
	</object>
	<object class="EventMixerMaster" id="{dacd46b7-e24f-4180-9e44-4b4b3bafa29d}">
		<relationship name="effectChain">
			<destination>{5ab3ba2c-6e48-4c7b-9194-907a52052ab6}</destination>
		</relationship>
		<relationship name="panner">
			<destination>{35241761-4191-4e53-9446-17426d0d323c}</destination>
		</relationship>
		<relationship name="mixer">
			<destination>{9e9e9d0a-9c4c-42c0-b8fd-aab9363522d6}</destination>
		</relationship>
	</object>
	<object class="MixerBusEffectChain" id="{225378fb-0ee5-498c-bfc6-44dfc52e7bba}">
		<relationship name="effects">
			<destination>{0f09ba9c-98e4-4aee-9d3b-3b16aa3920d2}</destination>
		</relationship>
	</object>
	<object class="MixerBusPanner" id="{2006594f-0f41-435f-8765-3e85afdfb031}" />
	<object class="AutomationTrack" id="{9d144f04-d91f-48a0-95ea-58cc8e0bbef8}">
		<relationship name="automator">
			<destination>{3b002f6b-403b-4455-a7da-345701167cf9}</destination>
		</relationship>
	</object>
	<object class="SingleSound" id="{166e02fd-1121-468b-b623-d6d841160bc3}">
		<property name="length">
			<value>8.7272727272727266</value>
		</property>
		<relationship name="audioFile">
			<destination>{e5bc876c-51f8-46d8-bfb7-60ff3c39adc1}</destination>
		</relationship>
	</object>
	<object class="EventMixerGroup" id="{eaa670aa-b997-46eb-8724-c27d8a63dc86}">
		<property name="name">
			<value>Audio 1</value>
		</property>
		<relationship name="automators">
			<destination>{3b002f6b-403b-4455-a7da-345701167cf9}</destination>
		</relationship>
		<relationship name="effectChain">
			<destination>{79d2c924-f5b8-47f8-949c-013a03c9e194}</destination>
		</relationship>
		<relationship name="panner">
			<destination>{07c64f83-d0e1-42f5-916b-c2a264307e2c}</destination>
		</relationship>
		<relationship name="output">
			<destination>{dacd46b7-e24f-4180-9e44-4b4b3bafa29d}</destination>
		</relationship>
	</object>
	<object class="TempoMarker" id="{1b4d7e6c-d09d-4b5e-af04-9b18d2c968d8}">
		<property name="position">
			<value>0</value>
		</property>
		<property name="tempo">
			<value>110</value>
		</property>
		<relationship name="timeline">
			<destination>{7f37a8e4-8e2c-456c-bf83-2b4c624c0fe4}</destination>
		</relationship>
		<relationship name="markerTrack">
			<destination>{d200f7f6-9053-46ce-b258-6038cb842211}</destination>
		</relationship>
	</object>
	<object class="MixerBusEffectChain" id="{5ab3ba2c-6e48-4c7b-9194-907a52052ab6}">
		<relationship name="effects">
			<destination>{a062d0f0-369d-4baf-af15-12fa167c1f27}</destination>
		</relationship>
	</object>
	<object class="MixerBusPanner" id="{35241761-4191-4e53-9446-17426d0d323c}" />
	<object class="MixerBusFader" id="{0f09ba9c-98e4-4aee-9d3b-3b16aa3920d2}" />
	<object class="Automator" id="{3b002f6b-403b-4455-a7da-345701167cf9}">
		<property name="nameOfPropertyBeingAutomated">
			<value>volume</value>
		</property>
		<relationship name="automationCurves">
			<destination>{e7813e58-d214-4634-9076-c98554da86cf}</destination>
		</relationship>
	</object>
	<object class="MixerBusEffectChain" id="{79d2c924-f5b8-47f8-949c-013a03c9e194}">
		<relationship name="effects">
			<destination>{b2b2ee49-f696-4fa6-9199-67376aa7cb69}</destination>
		</relationship>
	</object>
	<object class="MixerBusPanner" id="{07c64f83-d0e1-42f5-916b-c2a264307e2c}" />
	<object class="MixerBusFader" id="{a062d0f0-369d-4baf-af15-12fa167c1f27}" />
	<object class="AutomationCurve" id="{e7813e58-d214-4634-9076-c98554da86cf}">
		<relationship name="parameter">
			<destination>{7f37a8e4-8e2c-456c-bf83-2b4c624c0fe4}</destination>
		</relationship>
		<relationship name="automationPoints">
			<destination>{83819ebb-ab9f-4604-9345-fdcfc5cdd659}</destination>
			<destination>{aa58288f-1890-4450-afb5-281cba9ffe4f}</destination>
		</relationship>
	</object>
	<object class="MixerBusFader" id="{b2b2ee49-f696-4fa6-9199-67376aa7cb69}" />
	<object class="AutomationPoint" id="{83819ebb-ab9f-4604-9345-fdcfc5cdd659}">
		<property name="position">
			<value>4.5925925925925926</value>
		</property>
		<property name="value">
			<value>0</value>
		</property>
		<property name="curveShape">
			<value>0.476340294</value>
		</property>
	</object>
	<object class="AutomationPoint" id="{aa58288f-1890-4450-afb5-281cba9ffe4f}">
		<property name="position">
			<value>8.7272727272727266</value>
		</property>
		<property name="value">
			<value>-80</value>
		</property>
	</object>
</objects>
