<?xml version="1.0" encoding="UTF-8"?>
<objects serializationModel="Studio.02.02.00">
	<object class="EncodingSetting" id="{7a58fd8e-9a0f-4cf3-9170-66b4f61d9d85}">
		<property name="encodingFormat">
			<value>3</value>
		</property>
		<property name="quality">
			<value>37</value>
		</property>
		<relationship name="platform">
			<destination>{e5161c1d-63f0-48fd-b087-7546026d6bf1}</destination>
		</relationship>
		<relationship name="encodable">
			<destination>{e5161c1d-63f0-48fd-b087-7546026d6bf1}</destination>
		</relationship>
	</object>
</objects>
