<?xml version="1.0" encoding="UTF-8"?>
<objects serializationModel="Studio.02.02.00">
	<object class="MixerReturn" id="{aaf780a9-a1a2-4600-bfd7-1062bb94d68f}">
		<property name="overridingInputFormat">
			<value>2</value>
		</property>
		<property name="name">
			<value>Reverb</value>
		</property>
		<relationship name="effectChain">
			<destination>{b3bfb68e-06ab-4226-baaf-d79750ca2a00}</destination>
		</relationship>
		<relationship name="panner">
			<destination>{3d8c218d-0f3d-40de-b0b9-976e755c31bb}</destination>
		</relationship>
		<relationship name="output">
			<destination>{fa66d92f-7a71-43a1-8e57-1ec6a053f1c3}</destination>
		</relationship>
	</object>
	<object class="MixerBusEffectChain" id="{b3bfb68e-06ab-4226-baaf-d79750ca2a00}">
		<relationship name="effects">
			<destination>{c635e947-a7e9-4799-9f9c-36c6c489ac8c}</destination>
			<destination>{fc09f558-50fe-4ee5-a3ad-c234f479a6a0}</destination>
		</relationship>
	</object>
	<object class="MixerBusPanner" id="{3d8c218d-0f3d-40de-b0b9-976e755c31bb}" />
	<object class="SFXReverbEffect" id="{c635e947-a7e9-4799-9f9c-36c6c489ac8c}">
		<property name="wetLevel">
			<value>0</value>
		</property>
		<property name="dryLevel">
			<value>-80</value>
		</property>
	</object>
	<object class="MixerBusFader" id="{fc09f558-50fe-4ee5-a3ad-c234f479a6a0}" />
</objects>
