<?xml version="1.0" encoding="UTF-8"?>
<objects serializationModel="Studio.02.02.00">
	<object class="Workspace" id="{2152c0ce-b937-4736-9101-fc81ffa8c85a}">
		<relationship name="projectSettings">
			<destination>{87645672-e305-45d2-9b98-dac2e2dea111}</destination>
		</relationship>
	</object>
	<object class="ProjectSettings" id="{87645672-e305-45d2-9b98-dac2e2dea111}">
		<relationship name="activePlatform">
			<destination>{e5161c1d-63f0-48fd-b087-7546026d6bf1}</destination>
		</relationship>
	</object>
</objects>
