<?xml version="1.0" encoding="UTF-8"?>
<objects serializationModel="Studio.02.02.00">
	<object class="MixerMaster" id="{fa66d92f-7a71-43a1-8e57-1ec6a053f1c3}">
		<property name="name">
			<value>Master Bus</value>
		</property>
		<relationship name="effectChain">
			<destination>{5a680c66-3dc9-41ac-8070-455a099c5b73}</destination>
		</relationship>
		<relationship name="panner">
			<destination>{afbc6302-bd03-4a5f-abe1-44c36606df14}</destination>
		</relationship>
		<relationship name="mixer">
			<destination>{062b0bd7-bdbd-4ea6-8598-a30025bc63b5}</destination>
		</relationship>
	</object>
	<object class="MixerBusEffectChain" id="{5a680c66-3dc9-41ac-8070-455a099c5b73}">
		<relationship name="effects">
			<destination>{eefa6bb7-66a6-4a94-a3ab-75b24003276b}</destination>
		</relationship>
	</object>
	<object class="MixerBusPanner" id="{afbc6302-bd03-4a5f-abe1-44c36606df14}">
		<property name="overridingOutputFormat">
			<value>2</value>
		</property>
	</object>
	<object class="MixerBusFader" id="{eefa6bb7-66a6-4a94-a3ab-75b24003276b}" />
</objects>
