<?xml version="1.0" encoding="UTF-8"?>
<objects serializationModel="Studio.02.02.00">
	<object class="AudioFile" id="{50a1b413-655f-4642-8baa-8fdffa0ae2c7}">
		<property name="assetPath">
			<value>selected.mp3</value>
		</property>
		<property name="frequencyInKHz">
			<value>48</value>
		</property>
		<property name="channelCount">
			<value>2</value>
		</property>
		<property name="length">
			<value>1.3200000000000001</value>
		</property>
		<relationship name="masterAssetFolder">
			<destination>{68b87c8a-e8a0-404d-a851-cbaa22f8b82b}</destination>
		</relationship>
	</object>
</objects>
