<?xml version="1.0" encoding="UTF-8"?>
<objects serializationModel="Studio.02.02.00">
	<object class="AudioFile" id="{50c5521c-c231-4cab-a33f-16ca39ae8aaa}">
		<property name="assetPath">
			<value>main_loop.mp3</value>
		</property>
		<property name="isStreaming">
			<value>true</value>
		</property>
		<property name="frequencyInKHz">
			<value>48</value>
		</property>
		<property name="channelCount">
			<value>2</value>
		</property>
		<property name="length">
			<value>23.231999999999999</value>
		</property>
		<relationship name="masterAssetFolder">
			<destination>{68b87c8a-e8a0-404d-a851-cbaa22f8b82b}</destination>
		</relationship>
	</object>
</objects>
