<?xml version="1.0" encoding="UTF-8"?>
<objects serializationModel="Studio.02.02.00">
	<object class="AudioFile" id="{f0571b7a-b533-4c7f-992b-88041f72499e}">
		<property name="assetPath">
			<value>laserdefault.mp3</value>
		</property>
		<property name="frequencyInKHz">
			<value>48</value>
		</property>
		<property name="channelCount">
			<value>2</value>
		</property>
		<property name="length">
			<value>2.7599999999999998</value>
		</property>
		<relationship name="masterAssetFolder">
			<destination>{68b87c8a-e8a0-404d-a851-cbaa22f8b82b}</destination>
		</relationship>
	</object>
</objects>
